R_number,Flowcell,Lane,Test Code,Test,Midpool,Sample,Index_ID,libary,family_id,Slims_number
R0001,11WG2,1,20000,synth,MID00123,2423434.GAGCTACGTA-TGCTAGCTA,DBG333A-DBG333B,,2524543,LDNA0004573485
R0001,11WG2,1,20000,synth,MID00123,2425354.GAGCTACGTA-TGCTAGCTA,DBG434A-DBG434B,,2524543,LDNA0004533555
R0001,11WG2,1,20000,synth,MID00123,2455345.GAGCTACGTA-TGCTAGCTA,DBG448A-DBG448B,,2524543,LDNA0004534659
R0001,11WG2,1,20000,synth,MID00123,2496853.GAGCTACGTA-TGCTAGCTA,DBG449A-DBG449B,,2524543,LDNA0004598372
R0001,11WG2,1,20000,synth,MID00123,2493648.GAGCTACGTA-TGCTAGCTA,DBG447A-DBG447B,,2524543,LDNA0004587985
R0001,11WG2,1,20000,synth,MID00123,2488476.GAGCTACGTA-TGCTAGCTA,DBG446A-DBG446B,,2524543,LDNA0004524677
R0001,11WG2,1,20000,synth,MID00123,2441483.GAGCTACGTA-TGCTAGCTA,DBG440A-DBG440B,,2524543,LDNA0004522341
R0001,11WG2,1,20000,synth,MID00123,2445545.GAGCTACGTA-TGCTAGCTA,DBG445A-DBG445B,,2524543,LDNA0004543769
R0001,11WG2,1,20000,synth,MID00123,2412974.GAGCTACGTA-TGCTAGCTA,DBG444A-DBG444B,,2524543,LDNA0004512342
R0001,11WG2,1,20000,synth,MID00123,2423426.GAGCTACGTA-TGCTAGCTA,DBG442A-DBG442B,,2524543,LDNA0004544533
